id;First name;Last name;Date of birth YYYY-MM-DD;Date of death YYYY-MM-DD;Place of birth;Place of death;Name variations Last name;Name variations First name;Pseudonyms;Other names;Nationality;Description;Sources 1;Sources 2;Sources 4
1;Otto;Abetz;1903-03-26;1958-05-05;Schwetzingen, Germany;Autobahn Cologne-Dusseldorf near Langenfeld, Germany;;"Otto Friedrich ; Heinrich Otto";;;German;German ambassador in Paris since August 1940.;Das Personenlexikon zum Dritten Reich / E. Klee. - Frankfurt am Main : S. Fischer, 2003. - p. 9. ;Biographisches Lexikon zum Dritten Reich / H. Weiß. - Frankfurt am Main : Fischer Taschenbuch Verlag, 1998. - p. 15;
2;Franz;Abromeit;1907-08-08;1964-06-30;Sovetsk, Russia;;;;;;;Judenberater of Eichmann. SS-Hauptsturmführer in the Reichssicherheitshauptamt.;Das Personenlexikon zum Dritten Reich / E. Klee. - Frankfurt am Main : S. Fischer, 2003. - p. 9;;
3;Hans G.;Adler;1910-07-02;1988-08-21;Prague, Czechia;London, United Kingdom;;"H.G. ; Hans Günther ; Hans Günter ; Hans-Günther";;;;German language writer, survivor or Terezin.;Theresienstadt 1941 - 1945 : ein Nachschlagewerk, http://www.ghetto-theresienstadt.de/pages/a/adlerh.htm;;
4;Gheorghe;Alexianu;1897-00-00;1946-00-00;;;;;;;Romanian;Romanian jurist and Gouverneur of Transnistria 1941-1944, 1946 as war criminal sentenced to death.;Deutsche Nationalbibliothek, http://d-nb.info/gnd/143261142;;
5;Dietrich;Allers;1910-05-17;1975-03-22;Kiel, Germany;Munich, Germany;;;;;German;"T4. NSDAP/SA. Jurist, Oberregierungsrat (1943), SA-Sturmbannführer (1944). Since Jan 1941 manager (Geschäftsführer) of the ""Euthanasia"" Center T4. Spring 1944 appointed head of Aktion Reinhard in Trieste, responsible for combatting partisans and Jews. 20.12.1968 sentenced to 8 years of imprisonment by LG Frankfurt a.M. for complicity to murder of at least 34 549 people.";Das Personenlexikon zum Dritten Reich / E. Klee. - Frankfurt am Main : S. Fischer, 2003. - p. 12;;
6;Avraham Mordechai;Alter;1865-00-00;1948-06-03;Góra Kalwaria, Poland;Jerusalem, Israel;;;;;Polish;Rabbi. Escaped to Palestine in 1940.;The YIVO encyclopedia of Jews in Eastern Europe / ed. G. D. Hundert. - Yale Univ., 2008. - p. 582-84.;;
7;Victor;Alter;1890-02-07;1943-02-17;M_awa, Poland;Samara, Russia;;Wictor;;;Polish;"Jewish socialist activist and publicist of the BUND, arrested by NKVD and in July 1941 sentenced to death twice and executed in 1941 or 1943 for ""spying for Hitler"".";Encyclopaedia Judaica / ed. F. Skolnik and M. Berenbaum. - Macmillan, 2007. - Vol. 2, p. 18.;;
8;Wladyslaw;Anders;1892-08-11;1970-05-12;B_onie, Poland;London, United Kingdom;;W_adys_aw;;;Polish;Commanding officer of the Polish army in the Middle East and Italy during World War II who became a leading figure among the anticommunist Poles who refused to return to their homeland after the war.;Encyclopedia Britannica, http://www.britannica.com/EBchecked/topic/23565/Wladyslaw-Anders;;
